one,two,three,four
2558,2512,2467,2463
2401,2520,2541,2538
2534,2540,2384,2542
2492,2514,2491,2503
2519,2539,2525,2417
2584,2494,2489,2433
2520,2447,2501,2532
2518,2533,2512,2437
2488,2454,2550,2508
2538,2452,2472,2538
2540,2467,2464,2529
2531,2498,2467,2504
2378,2529,2490,2603
2559,2441,2477,2523
2565,2467,2468,2500
2432,2605,2487,2476
2511,2505,2490,2494
2520,2486,2554,2440
2530,2553,2450,2467
2520,2545,2458,2477
2469,2473,2616,2442
2554,2536,2380,2530
2462,2560,2435,2543
2451,2513,2539,2497
2459,2482,2563,2496
2479,2485,2462,2574
2432,2516,2533,2519
2408,2488,2583,2521
2452,2476,2551,2521
2480,2523,2508,2489
2501,2491,2467,2541
2570,2466,2462,2502
2544,2494,2487,2475
2575,2483,2488,2454
2490,2526,2505,2479
2549,2477,2456,2518
2502,2524,2522,2452
2452,2563,2532,2453
2462,2538,2461,2539
2532,2486,2491,2491
2478,2480,2544,2498
2510,2456,2571,2463
2460,2507,2583,2450
2433,2594,2504,2469
2498,2496,2464,2542
2602,2431,2436,2531
2547,2472,2550,2431
2499,2502,2526,2473
2520,2446,2497,2537
2455,2490,2609,2446
2506,2468,2554,2472
2589,2398,2521,2492
2462,2490,2632,2416
2476,2501,2516,2507
2632,2422,2520,2426
2473,2539,2500,2488
2441,2497,2504,2558
2511,2479,2499,2511
2501,2472,2575,2452
2521,2558,2421,2500
2514,2440,2503,2543
2464,2562,2414,2560
2519,2453,2483,2545
2477,2530,2481,2512
2501,2464,2482,2553
2508,2501,2493,2498
2533,2519,2430,2518
2497,2550,2489,2464
2492,2466,2496,2546
2477,2515,2557,2451
2522,2444,2512,2522
2500,2533,2602,2365
2509,2449,2601,2441
2446,2455,2543,2556
2430,2561,2502,2507
2583,2494,2485,2438
2441,2509,2539,2511
2561,2464,2508,2467
2497,2488,2556,2459
2539,2535,2444,2482
2494,2468,2533,2505
2571,2435,2477,2517
2497,2567,2413,2523
2483,2479,2492,2546
2543,2523,2446,2488
2516,2484,2523,2477
2540,2479,2520,2461
2545,2499,2495,2461
2459,2488,2565,2488
2496,2482,2475,2547
2582,2445,2429,2544
2458,2511,2519,2512
2504,2500,2497,2499
2550,2453,2478,2519
2489,2474,2563,2474
2476,2563,2549,2412
2559,2406,2527,2508
2443,2561,2505,2491
2542,2582,2430,2446
2481,2534,2515,2470
